Time_days,S_particulate,S_acetate,X_acetogens,X_methanogens,CH4_cumulative
0.0,10.0,0.5,0.2,0.1,0.0
0.20066889632107024,9.801331102973831,0.4983547597821664,0.1995187928394565,0.09981200192238618,0.0013150932736650577
0.4013377926421405,9.606609140215339,0.4938691735278438,0.19903774583438444,0.09962409369942969,0.002624635065651004
0.6020066889632107,9.415755696691507,0.4871392737587051,0.198556031808681,0.0994360551343445,0.003926055719458173
0.802675585284281,9.228693917348044,0.47865987869368215,0.19807298606436496,0.09924770704265035,0.005217256960203998
1.0033444816053512,9.045348474278502,0.4688438753814358,0.197588075012388,0.09905890290323874,0.00649651572553402
1.2040133779264215,8.865645533661493,0.45804286637981156,0.19710086254314854,0.09886951992894513,0.007762381434094072
1.4046822742474916,8.6895127331446,0.4465465317899582,0.19661101097797273,0.09867945980399917,0.009013684744216849
1.605351170568562,8.516879141998391,0.43460253889762246,0.19611824862273206,0.09848864011094534,0.010249439024539538
1.8060200668896322,8.347675244201586,0.4224122867760018,0.19562237660439907,0.09829699669118376,0.011468867822103612
2.0066889632107023,8.181832902213454,0.4101413713241886,0.19512325178775383,0.09810447936749021,0.012671355854153164
2.2073578595317724,8.01928532937323,0.39792589173392995,0.19462077648730475,0.09791104940376001,0.013856419925589116
2.408026755852843,7.859967073769815,0.3858696940209089,0.19411490288114921,0.09771668122297039,0.015023728977105034
2.608695652173913,7.7038139759268445,0.3740552963596963,0.19360561525715256,0.09752135774518744,0.016173050517048853
2.809364548494983,7.550763151068534,0.3625441225990406,0.19309292962337743,0.09732507053951253,0.01730425248960651
3.0100334448160537,7.4007529742964415,0.351378998589303,0.19257688962620467,0.09712781899286398,0.018417293841934673
3.210702341137124,7.253723033573133,0.3405890093067266,0.1920575587195965,0.09692960832791297,0.019512201743354825
3.411371237458194,7.109614117243529,0.33019013785017803,0.19153501913916285,0.09673044942525769,0.020589069571982317
3.6120401337792645,6.9683681988032475,0.32019043724327845,0.19100936351509212,0.09653035657380757,0.021648031032144226
3.8127090301003346,6.829928397838072,0.3105896614077626,0.19048069554459404,0.09632934780751783,0.022689264046944418
4.013377926421405,6.694238962742305,0.3013798961588992,0.18994912899968075,0.09612744469667764,0.023712988360399
4.214046822742475,6.561245256861942,0.2925530275956798,0.1894147756431887,0.09592466875674227,0.024719424081413338
4.414715719063545,6.430893722189396,0.2840953636942722,0.18887775402920656,0.09572104419420813,0.02570882337273223
4.615384615384616,6.303131864320099,0.27598935190766716,0.1883381867511662,0.09551659710103709,0.026681461141613603
4.816053511705686,6.177908240186311,0.26822238376749136,0.1877961862067961,0.09531135101074664,0.027637583681569947
5.016722408026756,6.055172420291111,0.2607771902391768,0.18725187024656376,0.09510533181396248,0.02857746543663279
5.217391304347826,5.934874976582995,0.25363332722833587,0.18670535979438171,0.09489856702270055,0.029501400490528646
5.418060200668896,5.816967470920377,0.24677810375953194,0.18615676118017252,0.09469108011583302,0.03040963718918579
5.618729096989966,5.7014024213227055,0.2401958591897342,0.18560618358336836,0.09448289608423632,0.031302442202717384
5.819397993311037,5.588133287274585,0.2338680081625554,0.18505373899203284,0.0942740414334006,0.03218010054580502
6.0200668896321075,5.477114460288421,0.22778334635116138,0.18449952554637966,0.09406453872407698,0.03304285243280159
6.2207357859531776,5.368301232989728,0.22192893608118364,0.18394364236217325,0.09385441137769243,0.033890948815363794
6.421404682274248,5.2616497836029605,0.21628877443467454,0.18338619171939152,0.09364368440790746,0.03472465983265279
6.622073578595318,5.157117168073698,0.21085371148649296,0.18282726303526242,0.09343237905851648,0.0355442127731958
6.822742474916388,5.054661291784691,0.2056137826186073,0.1822669453335187,0.09322051692190667,0.03634983968875708
7.023411371237458,4.954240892735176,0.20055552357106163,0.18170533162303612,0.09300812142227226,0.03714179454303321
7.224080267558529,4.855815535232723,0.19567126797830753,0.1811425038761262,0.09279521269556538,0.03792029395972331
7.424749163879599,4.759345585365384,0.190953860364024,0.18057854163397252,0.0925818104727138,0.03868555056096764
7.625418060200669,4.664792191413624,0.18639224118218684,0.18001352918659702,0.09236793655219122,0.039437801568296495
7.826086956521739,4.572117278587978,0.18197924797424792,0.1794475429720241,0.09215361043102678,0.04017725823135655
8.02675585284281,4.481283530628659,0.177710186997515,0.17888065392711877,0.09193885006958065,0.040904114660525744
8.22742474916388,4.392254365779071,0.1735765234958389,0.17831293773744447,0.09172367547822256,0.04161858932695598
8.42809364548495,4.304993931148699,0.16957069422083018,0.1777444670704595,0.09150810598380377,0.04232089341438996
8.62876254180602,4.219467092679268,0.16568979410968257,0.177175305640452,0.09129215808124125,0.04301120593539042
8.82943143812709,4.1356394069580205,0.1619279846618136,0.17660552053616788,0.09107584981097726,0.04368972439083036
9.03010033444816,4.05347711372886,0.1582774080680293,0.17603518075878885,0.09085920024426998,0.044356658805749606
9.230769230769232,3.9729471307134543,0.15473542059355253,0.1754643455461112,0.09064222525204463,0.04501218273096916
9.431438127090301,3.8940170303145956,0.1512987299969025,0.17489307389426703,0.0904249409165825,0.04565647272975949
9.632107023411372,3.8166550238956556,0.14796089644367447,0.17432142862704372,0.09020736502705234,0.046289725686152146
9.832775919732441,3.740829957530607,0.14471734511986822,0.17374946830709284,0.08998951411351483,0.04691212445270026
10.033444816053512,3.6665113025255023,0.14156675818467454,0.17317724500853948,0.08977140258377804,0.04752382784503065
10.234113712374581,3.593669128858142,0.13850528311204452,0.17260481372657102,0.08955304620314958,0.048125010924063634
10.434782608695652,3.522274099593001,0.13552704775718807,0.17203223155668657,0.08933446179683256,0.04871586154530478
10.635451505016723,3.45229746711238,0.13263013952217906,0.1714595480461194,0.08911566362652432,0.049296538386319325
10.836120401337793,3.3837110560819257,0.1298131130767912,0.17088681086984323,0.08889666548605085,0.049867195206939434
11.036789297658864,3.3164872434853563,0.127072120308607,0.17031407050580896,0.08867748247838038,0.050428001418762906
11.237458193979933,3.250598955208732,0.1244024028899288,0.16974137783157667,0.08845813010581209,0.050979131543162894
11.438127090301004,3.186019663134737,0.12180317532837497,0.16916877624595514,0.08823862124328866,0.05152073014678741
11.638795986622075,3.122723364272592,0.11927299334415523,0.16859630919079294,0.08801896899354014,0.05205294490083371
11.839464882943144,3.0606845654787085,0.11680848618912407,0.16802402222847698,0.08779918749969096,0.052575935983260484
12.040133779264215,2.999878280390729,0.11440569566070825,0.16745196088622544,0.08757929111162502,0.05308986641815221
12.240802675585284,2.940280027660325,0.11206407728813503,0.166880164200345,0.08735929185725409,0.05359487277836012
12.441471571906355,2.8818658110849253,0.10978250056682717,0.16630867121438847,0.08713920195468162,0.05409109427497028
12.642140468227424,2.8246121035178193,0.10755840653766187,0.1657375223714211,0.08691903436912404,0.05457867919622582
12.842809364548495,2.7684958448044266,0.10538832060046066,0.16516675869033853,0.08669880248841347,0.055057781145844684
13.043478260869566,2.7134944392388567,0.10327130329058364,0.1645964162008117,0.08647851791058007,0.05552853340799867
13.244147157190636,2.6595857456695473,0.1012066246974595,0.164026529717845,0.08625819191693969,0.055991066008987726
13.444816053511706,2.606748052996257,0.09919262871346073,0.16345713472435464,0.0860378362278136,0.05644551445070979
13.645484949832776,2.5549600787807627,0.09722680211036216,0.16288826726244163,0.08581746296045557,0.05689201922186002
13.846153846153847,2.5042009629077544,0.09530722940194425,0.16231996159797177,0.08559708368331197,0.05733071483342301
14.046822742474916,2.4544502738622684,0.09343327168186426,0.1617522491126286,0.0853767089587057,0.057761724532030434
14.247491638795987,2.405687983531007,0.09160368131823868,0.16118516139769803,0.08515634958179383,0.05818517463125979
14.448160535117058,2.357894451679727,0.08981707339105297,0.16061872952434078,0.08493601628329944,0.058601191050149305
14.648829431438127,2.3110504259532334,0.08807192569216138,0.16005298404359214,0.08471571972951165,0.05900989931319804
14.849498327759198,2.2651370379761113,0.08636718687098724,0.15948795401282648,0.08449547011269813,0.05941141980110403
15.050167224080267,2.220135804724813,0.08470176600804392,0.15892366781698544,0.08427527749154529,0.05980587170759116
15.250836120401338,2.176028612627712,0.0830736956200352,0.1583601545512774,0.08405515235825864,0.06019337959241741
15.45150501672241,2.132797697655475,0.08148181203337887,0.1577974413493901,0.08383510451064467,0.060574060285777595
15.652173913043478,2.0904256450824503,0.07992578375366753,0.1572355533381885,0.08361514303303876,0.0609480226670178
15.85284280936455,2.0488953875537184,0.07840598680501357,0.15667451384282935,0.08339527637502257,0.06131536857589002
16.05351170568562,2.00819020307345,0.07692084102272097,0.15611434868961935,0.08317551415360566,0.06167621370942114
16.254180602006688,1.9682937092614115,0.07546743002206413,0.15555508521680317,0.08295586676724441,0.062030683141096506
16.45484949832776,1.9291898396649776,0.07404437496224027,0.15499674768473345,0.08273634341205596,0.0623788882970239
16.65551839464883,1.8908628422730858,0.07265194111122775,0.15443935710690918,0.08251695200618969,0.06272092607771505
16.8561872909699,1.8532972790107445,0.07129183031265247,0.1538829315858949,0.08229769933096862,0.06305688049394952
17.056856187290972,1.8164780225245505,0.06996261657750871,0.15332749368543402,0.08207859416976133,0.06338685905646804
17.25752508361204,1.7803902533167524,0.06866100323099451,0.15277306840738605,0.08185964648110788,0.06371098318924488
17.45819397993311,1.7450194394260596,0.0673856141107537,0.15221967711471765,0.08164086474942898,0.0640293574927296
17.65886287625418,1.7103513334238143,0.06613691563334113,0.15166733766332322,0.081422256029703,0.06434207025860982
17.859531772575252,1.6763719716552683,0.06491673495200605,0.1511160651810683,0.08120382628242655,0.06464919735247773
18.06020066889632,1.6430676719769877,0.06372316582757581,0.15056588029243467,0.08098558394449412,0.06495084361270424
18.26086956521739,1.6104250281256558,0.06255350420202319,0.1500168043927741,0.0807675378983173,0.06524711930114675
18.461538461538463,1.57843089413317,0.0614069592476777,0.1494688553048453,0.0805496955396096,0.06553811768470358
18.662207357859533,1.54707238301779,0.0602845429672945,0.14892204745958335,0.08033206285072146,0.06582391588409815
18.862876254180602,1.5163368648681657,0.05918736549087338,0.14837639465065175,0.08011464560704165,0.06610458885872868
19.06354515050167,1.486211966235187,0.05811263576525188,0.14783191648901986,0.07989745224092347,0.06638024261138988
19.264214046822744,1.456685558410824,0.0570585806055729,0.14728863048888377,0.07968049034118949,0.06665097359274477
19.464882943143813,1.4277457490505272,0.05602525221942608,0.14674655078132537,0.07946376605637477,0.06691686177356351
19.665551839464882,1.3993808817979219,0.05501434946537446,0.14620568840347456,0.07924728422218923,0.06717797212208332
19.866220735785955,1.3715795340873458,0.05402511403165574,0.14566605792483803,0.07903105131847254,0.06743438888418248
20.066889632107024,1.3443305147773654,0.053054906349027486,0.14512767652278494,0.07881507508094425,0.06768621108099977
20.267558528428093,1.317622850526632,0.05210288865133629,0.14459055806655433,0.07859936181765644,0.06793352138229526
20.468227424749163,1.2914457838278186,0.05117004197707275,0.1440547130937152,0.0783839163904961,0.0681763858898605
20.668896321070235,1.2657887715989453,0.050257739288371316,0.14352015111538866,0.07816874325305911,0.06841486616868986
20.869565217391305,1.2406414845081026,0.04936350893692451,0.14298688745383736,0.07795384956217975,0.06864905532065746
21.070234113712374,1.2159937980400646,0.048485663336953935,0.14245493579126076,0.07773924179698523,0.06887903877857499
21.270903010033447,1.1918357849520493,0.04762432085242368,0.14192430653571947,0.07752492499040146,0.0691048853885594
21.471571906354516,1.1681577149255082,0.0467812287671273,0.14139500710748154,0.07731090285868061,0.06932664891131507
21.672240802675585,1.1449500527355236,0.045955789627614686,0.1408670483547551,0.07709718073967893,0.06954440208467122
21.872909698996658,1.1222034563398025,0.045145562499366756,0.14034044374877966,0.07688376524631914,0.06975823260470383
22.073578595317727,1.099908765543956,0.0443498378950185,0.1398152036373833,0.07667066159675712,0.06996821216175775
22.274247491638796,1.0780570003466097,0.04356965553740872,0.13929133521955664,0.07645787359562219,0.07017439622119985
22.474916387959865,1.0566393597152952,0.042806395030974914,0.13876884482207777,0.07624540468515466,0.07037683620794151
22.67558528428094,1.0356472211068826,0.042057763874486814,0.1382477443747679,0.07603326096457044,0.0705756145095311
22.876254180602007,1.0150721328993408,0.04132224246159381,0.13772804425250043,0.0758214478618751,0.07077080588498566
23.076923076923077,0.9949058081350397,0.040600017157645926,0.13720975178167047,0.07560996941593878,0.07096246913538296
23.27759197324415,0.9751401242389409,0.03989282092597349,0.13669287149793097,0.07539882839600764,0.07115064848901646
23.47826086956522,0.955767121447941,0.039200188633510116,0.136177411192362,0.07518802913673427,0.07133540646501108
23.678929765886288,0.9367790014270861,0.03851985723663116,0.1356633812686233,0.07497757725725641,0.0715168206153551
23.879598662207357,0.9181681176123258,0.0378511761280369,0.135150789258198,0.07476747705583102,0.07169495331215378
24.08026755852843,0.8999269737484428,0.03719512512240964,0.13463963979419147,0.07455773149104798,0.07186985152834455
24.2809364548495,0.8820482229318268,0.036553176574997355,0.13412993644954446,0.07434834304998894,0.07204155690047849
24.48160535117057,0.8645246671811092,0.035923321720019524,0.1336216881509503,0.07413931680394492,0.07221014115022795
24.68227424749164,0.8473492516571669,0.03530407184512514,0.13311490273292134,0.07393065734702996,0.07237567059060027
24.88294314381271,0.8305150587616887,0.03469551659583225,0.1326095852411891,0.07372236796713345,0.07253819650959954
25.08361204013378,0.8140153079537362,0.034099250297936555,0.13210573805196393,0.07351445070207965,0.07269775582102533
25.28428093645485,0.7978433542639127,0.03351533785546416,0.1316033657716965,0.07330690868559545,0.07285439825624357
25.48494983277592,0.7819926880503276,0.03294160207395646,0.13110247638809544,0.07309974672039736,0.07300819300647866
25.68561872909699,0.7664569266232047,0.032377257861095826,0.13060307542083843,0.07289296844730378,0.07315919590010822
25.88628762541806,0.7512298123354411,0.03182300405474617,0.1301051657770044,0.07268657626740445,0.07330744849860855
26.086956521739133,0.7363052120636461,0.031280500828819745,0.12960874859555324,0.07248057174891612,0.07345298281186832
26.287625418060202,0.7216771164629374,0.030748432178866157,0.1291138296042659,0.07227495871275644,0.07359585706171846
26.48829431438127,0.7073396370656017,0.030225116559615708,0.12862041491187093,0.07206974120221658,0.07373613214526543
26.68896321070234,0.6932869996545425,0.029710320028716753,0.1281285080941216,0.07186492204517704,0.07387385496324216
26.889632107023413,0.6795135438969926,0.029205213671404252,0.12763811026320665,0.0716605028860174,0.07400905878952162
27.090301003344482,0.666013722306687,0.028710888488759603,0.12714922246695504,0.07145648535588905,0.07414177683378473
27.29096989966555,0.6527821003677847,0.02822538274205801,0.1266618504872921,0.07125287343635697,0.07427206963609044
27.491638795986624,0.639813351020157,0.027747552063840466,0.1261759986038185,0.0710496703978988,0.07439998957779564
27.692307692307693,0.627102250811652,0.02727757899390507,0.1256916687785639,0.07084687838434017,0.0745255760614683
27.892976588628763,0.6146436798301563,0.02681693590006415,0.1252088607159705,0.07064449844215598,0.07464885585041282
28.093645484949832,0.6024326204459165,0.026365825854175927,0.12472757599653518,0.07044253256015022,0.07476986670609195
28.294314381270905,0.5904641575999807,0.02592232040858049,0.12424781946854742,0.0702409843761174,0.07488866557730878
28.494983277591974,0.5787334721361465,0.025485645330949526,0.12376959395647764,0.07003985654092257,0.0750052980449743
28.695652173913043,0.5672358390185527,0.025056269125179297,0.12329290012139722,0.06983915064152395,0.07511979742837165
28.896321070234116,0.5559666271284143,0.02463574271513891,0.12281773672017997,0.06963886732937077,0.07523218627292802
29.096989966555185,0.544921298282515,0.024223593173590154,0.12234410562240985,0.06943900882362801,0.07534250535787458
29.297658862876254,0.534095406773516,0.02381810342658499,0.12187201055282189,0.06923957829895608,0.0754508066000507
29.498327759197323,0.5234845931384224,0.02341874403273761,0.12140145317690273,0.0690405779097955,0.07555713015243862
29.698996655518396,0.5130845832977795,0.02302614697177965,0.12093243314479735,0.06884200880832493,0.07566150461152397
29.899665551839465,0.5028911882432742,0.02264181372455429,0.12046494856322762,0.06864387138075818,0.07576394975516061
30.100334448160535,0.4929003033441041,0.02226491554727532,0.11999900116331219,0.0684461678526458,0.07586450673090446
30.301003344481607,0.4831079073222103,0.02189392862315572,0.11953459366266825,0.06824890097156315,0.0759632227894794
30.501672240802677,0.473510056723382,0.021528455713409892,0.119071726834323,0.06805207250957093,0.07606013392693452
30.702341137123746,0.46410288542764916,0.021169180669648343,0.11861039958105524,0.06785568329839106,0.0761552652918437
30.90301003344482,0.45488260431019056,0.020817535145197942,0.11815060947421407,0.06765973350180798,0.07624863434125101
31.103678929765888,0.4458455006847856,0.02047261774231629,0.11769235772991615,0.0674642251482778,0.07634028018421794
31.304347826086957,0.4369879372383309,0.02013301451728265,0.11723564627159222,0.06726916064752106,0.07643024639205066
31.505016722408026,0.42830634696637504,0.01979836007324451,0.11678047521837938,0.06707454149407344,0.07651856597249698
31.7056856187291,0.4197972327868687,0.019469291403942043,0.11632684296035523,0.06688036830374162,0.07660526179184352
31.906354515050168,0.41145716726607795,0.019147195167780098,0.11587474656718862,0.06668664102199696,0.07669034898906675
32.10702341137124,0.4032827920052389,0.018831341825963206,0.11542418641780423,0.06649336130051023,0.07677386250845704
32.30769230769231,0.3952708170869076,0.018520337920846838,0.11497516385632771,0.06630053130583341,0.07685584329581957
32.508361204013376,0.38741801616381616,0.01821376314320636,0.11452767855712274,0.06610815234911104,0.07693632241885115
32.70903010033445,0.3797212259912008,0.017912123034357703,0.114081728602018,0.06591622492354943,0.07701532150089303
32.90969899665552,0.37217734628562243,0.0176167420984392,0.11363731065320669,0.06572474879325331,0.07709285374995055
33.11036789297659,0.364783338901291,0.017327315682310655,0.11319442390908863,0.0655337250395764,0.07716894766358351
33.31103678929766,0.3575362281535452,0.017042410336082617,0.11275306929589675,0.0653431556565462,0.07724364234105768
33.51170568561873,0.35043309599700995,0.01676147844074102,0.1123132462223388,0.06515304185430794,0.07731696782579804
33.7123745819398,0.34347108121922726,0.016484824274338956,0.11187495263584367,0.0649633840846111,0.07738894540005967
33.91304347826087,0.33664737942703493,0.016213596963866983,0.1114381850339713,0.06477418204670335,0.07745958765318901
34.113712374581944,0.32995924211312466,0.015948166126979017,0.11100294109018338,0.0645854360550934,0.07752891432390543
34.31438127090301,0.3234039775538385,0.01568708773639564,0.1105692213232159,0.06439714792501475,0.07759696255620527
34.51505016722408,0.316978946784912,0.015429629048790368,0.1101370250254833,0.06420931883568662,0.07766376214562984
34.71571906354515,0.31068156191745666,0.015175838189080495,0.1097063501536414,0.06402194926586581,0.07772933479160168
34.91638795986622,0.30450928613795925,0.014926544150427089,0.1092771933285873,0.06383503899384674,0.0777936940974246
35.11705685618729,0.29845963322237795,0.014682777531357051,0.1088495507722311,0.06364858758878064,0.07785685126034331
35.31772575250836,0.2925301676246515,0.01444341587915285,0.10842342211199216,0.06346259642027297,0.0779188383456858
35.518394648829435,0.28671850300485957,0.014207474433525148,0.1079988066825477,0.0632770667138018,0.0779796857628647
35.719063545150505,0.281022298908936,0.013974704912098812,0.10757570256419918,0.06309199903078584,0.07803941624138921
35.919732441471574,0.2754392606773691,0.013745572057218587,0.1071541066209242,0.06290739328820637,0.07809804505806857
36.12040133779264,0.2699671393705468,0.013521204327074765,0.10673401458018653,0.06272324880066119,0.07815558052397385
36.32107023411371,0.26460373096893997,0.013301521841190486,0.1063154240595619,0.0625395658860099,0.07821204257779162
36.52173913043478,0.25934687723906774,0.013085275390384885,0.10589833450257485,0.062356345844227085,0.07826746254010603
36.72240802675585,0.2541944618375767,0.012871894037180387,0.10548274419990987,0.06217358936243163,0.07832186464013006
36.92307692307693,0.24914440937883583,0.012661455403626062,0.10506865033903175,0.061991296537177804,0.07837526627331033
37.123745819397996,0.24419468543493703,0.012454685671297636,0.10465604900418564,0.06180946687445533,0.07842767800132705
37.324414715719065,0.2393432961683311,0.012252569737899179,0.10424493580710918,0.06162809962600327,0.07847910744603845
37.525083612040135,0.23458828828053124,0.012054218524646457,0.10383530933426145,0.06144719563969445,0.07852958071421838
37.725752508361204,0.2299277483911387,0.011858691858154113,0.10342716820199523,0.06126675578764305,0.07857912419515012
37.92642140468227,0.22535979980614756,0.011665670607026843,0.10302050997576404,0.061086780374518763,0.07862775770768321
38.12709030100334,0.2208826023659934,0.011475423246507696,0.10261533122441975,0.060907269165953654,0.07867549482907736
38.32775919732442,0.21649435244555304,0.011288805858478067,0.1022116275202125,0.0607282213885421,0.07872234289500248
38.52842809364549,0.21219328233143658,0.011106427004621805,0.10180939478987512,0.06054963645731855,0.0787683114214051
38.72909698996656,0.20797766088441158,0.010927174379173527,0.10140863169551115,0.06037151527036936,0.07881342709191241
38.929765886287626,0.2038457915945484,0.010750332128047536,0.10100933621537486,0.06019385835949261,0.07885771234558024
39.130434782608695,0.19979601045453782,0.010575717049731394,0.10061150542727738,0.06001666576440391,0.07890118391950224
39.331103678929765,0.19582668595339675,0.010403676191223194,0.10021513551248351,0.05983993703481328,0.07894385287285256
39.531772575250834,0.19193621907469355,0.010235086028439134,0.09982022175703974,0.05966367123114084,0.07898572459516898
39.73244147157191,0.18812304257391096,0.010070298868502818,0.09942676025652514,0.0594878678505694,0.07902680952553129
39.93311036789298,0.18438562197783695,0.009908244663495642,0.09903474936693586,0.05931252762749422,0.07906713241749622
40.13377926421405,0.18072245316878105,0.009748305350692163,0.09864418667833169,0.059137650879356476,0.0791067131893968
40.33444816053512,0.17713206084588548,0.009590339390129118,0.09825506897771076,0.05896323748002053,0.07914556661553075
40.53511705685619,0.17361299852512496,0.009434681764605412,0.09786739224900957,0.05878928685977388,0.07918370232616057
40.735785953177256,0.1701638485392933,0.009282143973879598,0.09748115167311237,0.0586157980053323,0.07922112480757253
40.936454849498325,0.16678322137846413,0.009133112659128155,0.09709634308666011,0.05844277025877264,0.0792578426483815
41.1371237458194,0.16346975661426677,0.008986588070931185,0.09671296453581346,0.05827020418001355,0.07929387852088444
41.33779264214047,0.16022212089592236,0.00884196985329786,0.09633101339173902,0.0580980999583313,0.07932925079488184
41.53846153846154,0.15703900634373236,0.008699084078370603,0.09595048630950681,0.05792645738317825,0.07936397319937821
41.73913043478261,0.153919130549079,0.008558183246425101,0.09557137922809034,0.057755275844182885,0.07939805482258212
41.93979933110368,0.15086123657442518,0.008419946285870313,0.09519368737036664,0.0575845543311498,0.07943150011190621
42.14046822742475,0.14786409252075575,0.00828499807593605,0.09481740602102329,0.0574142918632691,0.07946431384051808
42.34113712374582,0.14492649190681497,0.008152493084357431,0.09444253281722355,0.05724448876304804,0.07949651584823998
42.54180602006689,0.14204725294025886,0.008021776702846945,0.0940690650626959,0.057075145170509066,0.07952812384699748
42.74247491638796,0.13922521630624035,0.007892587162478547,0.09369699940467134,0.056906260855464026,0.07955915124784703
42.94314381270903,0.13645924512561391,0.007765042624146843,0.09332633185483197,0.056737835228937945,0.07958960729316028
43.1438127090301,0.1337482249549359,0.007639641178567099,0.092957057789311,0.0565698673431691,0.07961949705662402
43.34448160535117,0.13109106365205894,0.007517162792402188,0.09258917210755091,0.05640235597978384,0.0796488224633659
43.54515050167224,0.12848669095304843,0.007397254826730204,0.09222267152163552,0.05623530092823817,0.07967759708060636
43.745819397993316,0.12593405934368046,0.007279136717810537,0.09185755341507283,0.05606870235717735,0.07970583884346846
43.946488294314385,0.1234321414005108,0.007162420209400371,0.09149381451992686,0.05590256006608377,0.07973356139601223
44.147157190635454,0.12097992938880196,0.007047054009531647,0.0911314510069884,0.055736873533962866,0.07976077465444636
44.34782608695652,0.11857643526252373,0.006933323790511079,0.09077045848577509,0.0555716419193432,0.07978748480712824
44.54849498327759,0.11622069066435294,0.006821852188920153,0.09041083200453139,0.05540686406027636,0.07981369431456384
44.74916387959866,0.11391174648072513,0.0067131102623221054,0.09005256684156843,0.05524253891840944,0.07983940704607523
44.94983277591973,0.11164867337895222,0.006606327553533508,0.0896956602685682,0.05507866657753517,0.0798646398296479
45.15050167224081,0.109430561088551,0.006500958765777993,0.08934010917826263,0.054915246908172434,0.07988940700364144
45.35117056856188,0.10725651656858964,0.00639676286257335,0.08898590995923376,0.05475227948981316,0.07991371951716707
45.551839464882946,0.10512566398751039,0.006293796250961138,0.08863305850697653,0.05458976361706896,0.07993758500118628
45.752508361204015,0.1030371447231298,0.006192412781506703,0.0882815502238988,0.05442769829967108,0.079961007768511
45.953177257525084,0.10099011735706329,0.006093261159204829,0.0879313800235209,0.05426608226483299,0.0799839888411261
46.15384615384615,0.09898375706657983,0.0059964794970191575,0.08758254363528617,0.05410491469639645,0.08000653449827806
46.35451505016722,0.09701725674214999,0.005901321535606193,0.08723503820821574,0.053944195585908385,0.08002866033567164
46.5551839464883,0.09508982531124985,0.005807349050477523,0.0868888603832531,0.053783924633281174,0.08005037855101406
46.75585284280937,0.09320068667950464,0.005714385076224647,0.08654400637056418,0.05362410128646647,0.08007169840283786
46.95652173913044,0.0913490797306884,0.005622513906518959,0.08620047194953731,0.053464724741455104,0.08009262621050102
47.15719063545151,0.08953425832672417,0.005532081094111758,0.08585825246878319,0.05330579394227719,0.08011316535418685
47.357859531772576,0.08775549130059095,0.005443690156485753,0.08551734285147969,0.05314730758403523,0.08013331630997574
47.558528428093645,0.08601206186999716,0.005357439779820541,0.0851777388314429,0.05298926481912245,0.08015308481536701
47.759197324414714,0.08430326876912018,0.005272642802690335,0.08483943740676397,0.05283166552495415,0.08017248496381141
47.95986622073579,0.08262842467709323,0.005188895521792312,0.0845024351106863,0.05267450930913839,0.08019152770169359
48.16053511705686,0.080986855249609,0.00510602251929648,0.08416672810234678,0.05251779555762066,0.08021022138510239
48.36120401337793,0.0793778991189192,0.005024076662845664,0.08383231216677575,0.05236152343468384,0.08022857177983099
48.561872909699,0.0778009078938349,0.004943339105555517,0.08349918271489704,0.05220569188294822,0.08024658206137678
48.76254180602007,0.07625524615972643,0.004864319286014517,0.08316733478352792,0.05205029962337152,0.0802642528149414
48.96321070234114,0.0747402910674862,0.004787340412592351,0.08283676370739926,0.05189534554211698,0.0802815865075356
49.163879598662206,0.07325543293246525,0.004711778646138054,0.0825074663508663,0.05174082940707957,0.08029859576989218
49.36454849498328,0.07180007475522515,0.004637213108352151,0.08217943924595676,0.051586750792534566,0.0803152909651404
49.56521739130435,0.07037363073577985,0.004563425538137432,0.08185267859500797,0.05143310907492066,0.08033168014036814
49.76588628762542,0.0689755262612841,0.00449039605784482,0.08152718027754172,0.05127990343676304,0.08034776907197548
49.96655518394649,0.0676051979060337,0.0044183031732733845,0.0812029398502643,0.051127132866673475,0.08036356126567469
50.16722408026756,0.06626209343146533,0.004347523773670335,0.08087995254706655,0.050974796159350265,0.08037905795649017
50.36789297658863,0.06494567168447266,0.00427856936015965,0.08055821338249251,0.050822891975501924,0.08039425880131378
50.5685618729097,0.06365540225276012,0.0042111727539833705,0.0802377186321215,0.05067141970439756,0.08040917184696025
50.769230769230774,0.062390766514205775,0.004144819332825937,0.07991846497058643,0.050520378968386286,0.08042380780272251
50.96989966555184,0.061151255768698586,0.004079219249356047,0.07960044870896965,0.050369769171818235,0.08043817482782888
51.17056856187291,0.05993637090950005,0.004014254059105103,0.07928366588172302,0.050219589550416735,0.08045227910214743
51.37123745819398,0.05874562242324435,0.003949976720467217,0.07896811224666798,0.05006983917127828,0.08046612482618597
51.57190635451505,0.05757853038993834,0.0038866115946992147,0.07865378328499557,0.04992051693287258,0.08047971422109201
51.77257525083612,0.05643462448296154,0.00382455444592063,0.0783406742012664,0.04977162156504252,0.0804930475286528
51.97324414715719,0.0553134437332008,0.003764189119538445,0.07802878022086647,0.049623151803088884,0.08050612502269368
52.173913043478265,0.05421453664074058,0.0037050693921329464,0.0777180979161399,0.04947510716959262,0.08051895604133076
52.374581939799334,0.05313746162286466,0.003646795871215222,0.0774086237846003,0.049327487142239765,0.0805315493713835
52.575250836120404,0.05208178536463145,0.0035891387808773905,0.07710035405202417,0.04918029103190732,0.0805439118406047
52.77591973244147,0.05104708273071828,0.0035320155305158234,0.0767932847089223,0.04903351800376808,0.08055604856156326
52.97658862876254,0.05003293676542135,0.0034754907148311412,0.07648741151053982,0.04888716707729067,0.0805679629316441
53.17725752508361,0.04903893869265577,0.003419776113828216,0.07618272997685614,0.0487412371262395,0.08057965663304822
53.37792642140468,0.048064687915955515,0.00336523069281617,0.07587923539258501,0.048595726878674764,0.08059112963279265
53.57859531772576,0.04710979181107514,0.003312209636949316,0.07557692305222494,0.0484506350616383,0.08060238185397936
53.779264214046826,0.04617386578030654,0.003260316014471436,0.07527578947356003,0.048305961122797544,0.08061342151038871
53.979933110367895,0.04525653382703583,0.0032091820588771775,0.07497583113024395,0.048161704482480444,0.08062425646623865
54.180602006688964,0.04435742698641888,0.003158590173320623,0.07467704425748675,0.04801786441261733,0.0806348928389466
54.381270903010034,0.043476183224692135,0.003108448327414658,0.07437942489207075,0.04787444006010115,0.08064533526901381
54.5819397993311,0.04261244743917256,0.0030587900572309787,0.07408296887235045,0.047731430446787404,0.08065558692002543
54.78260869565217,0.04176587145825767,0.0030097744653000847,0.07378767183825256,0.04758883446949418,0.08066564947865046
54.98327759197325,0.0409361140414255,0.0029616862206112834,0.07349352923127599,0.047446650900002156,0.0806755231546418
55.18394648829432,0.04012284083197942,0.00291491146794325,0.07320053633362499,0.04730487840832024,0.08068520694951398
55.38461538461539,0.03932572395035933,0.0028693073647589246,0.07290868929145533,0.04716351617462652,0.08069470572245832
55.585284280936456,0.03854444313342859,0.002824470108553567,0.07261798467897015,0.047022563634399536,0.08070402724573301
55.785953177257525,0.03777868436414648,0.0027801623339971646,0.07232841880666674,0.04688202005953012,0.08071317736896098
55.986622073578594,0.037028139459223966,0.00273625305400633,0.07203998781922363,0.04674188461539859,0.08072216067854143
56.187290969899664,0.03629250606912371,0.002692717659744301,0.07175268769550071,0.046602156360874745,0.08073098049764989
56.38795986622074,0.03557148767806004,0.0026496379206209404,0.0714665142485391,0.046462834248317854,0.08073963888623815
56.58862876254181,0.03486479360399902,0.00260720198429274,0.07118146312556127,0.0463239171235767,0.08074813664103436
56.78929765886288,0.03417213899865838,0.002565704376662813,0.07089752980797094,0.04618540372598952,0.08075647329554293
56.98996655518395,0.033493244675893825,0.0025254337223855872,0.07061470979375181,0.04604729279808226,0.0807646483864187
57.19063545150502,0.03282783711523301,0.002486065831831503,0.07033299958252502,0.04590958368221614,0.08077266833989709
57.391304347826086,0.03217564915648157,0.0024472995746485982,0.07005239564300098,0.045772275700308285,0.08078053931078295
57.591973244147155,0.03153641862101978,0.0024089485141490833,0.06977289426567543,0.045635368059835583,0.08078826609897119
57.79264214046823,0.030909888204609784,0.002370915664389737,0.06949449160390524,0.04549885987827331,0.08079585243165217
57.9933110367893,0.030295805477395684,0.0023331934901719134,0.06921718367390839,0.045362750183095144,0.08080330096331187
58.19397993311037,0.029693922883903406,0.0022958639070415317,0.06894096635476396,0.04522703791177315,0.08081061327573179
58.39464882943144,0.02910399774304078,0.0022590982812890842,0.06866583538841214,0.04509172191177779,0.08081778987798897
58.59531772575251,0.028525792248097533,0.002223157429949633,0.06839178637965425,0.04495680094057792,0.080824830206456
58.79598662207358,0.02795907346896202,0.00218826213967711,0.06811881500640062,0.04482227379416739,0.08083173410770628
58.99665551839465,0.0274036134247252,0.002153983357693924,0.0678469180098298,0.044688139912891,0.08083850882820494
59.19732441471572,0.02685918873417916,0.0021201898399940233,0.06757609165604642,0.04455439844119888,0.08084515816588578
59.39799331103679,0.026325580242591226,0.002086851160301494,0.06730633205635013,0.04442104842266659,0.08085168472041819
59.59866220735786,0.025802573006272613,0.002053967485945112,0.06703763528128016,0.0442880888696641,0.08085809069704228
59.79933110367893,0.025289956292578505,0.0020215695778583475,0.06676999736061533,0.04415551876335587,0.0808643779065688
60.0,0.02478752357990805,0.0019897187905793647,0.06650341428337402,0.044023337053700796,0.0808705477653792
